Index,Affaires,Dates,Documents,Liens,Pays,TVA,Droits d'accises,Taxation des produits énergétiques et de l'électricité,Douane,Droits de succession,Fusion,Taxe sur les véhicules,Libre circulation des capitaux,"Principes, objectifs et missions des Traités",Boissons spiritueuses,Libre circulation des marchandises,Restrictions quantitatives,Mesures d'effet équivalent,Liberté d'établissement,Plus-values,Coopération administrative,Tabacs manufacturés,Impôts indirects,Citoyenneté de l'Union,Libre circulation des travailleurs,Relations extérieures,Association européenne de libre-échange,Taxe d'immatriculation,Rapprochement des législations,Adhésion,Dispositions financières,Ressources propres,Transports,Agriculture et Pêche,Environnement,Départements français d'outre-mer,Denrées alimentaires,Monopoles d'État à caractère commercial,Concurrence,Aides accordées par les États,Total
0,C-341/20,16/09/2021,ECLI:EU:C:2021:744,https://eur-lex.europa.eu/legal-content/fr/TXT/?uri=CELEX:62020CJ0341,Italie,0,1,1,1,0,0,0,0,0,0,0,0,0,0,0,0,0,0,0,0,0,0,0,0,0,0,0,0,0,0,0,0,0,0,0,3
1,C-787/19,27/01/2021,ECLI:EU:C:2021:72,https://eur-lex.europa.eu/legal-content/fr/TXT/?uri=CELEX:62019CJ0787,Autriche,1,0,0,0,0,0,0,0,0,0,0,0,0,0,0,0,0,0,0,0,0,0,0,0,0,0,0,0,0,0,0,0,0,0,0,1
2,C-371/19,18/11/2020,ECLI:EU:C:2020:936,https://eur-lex.europa.eu/legal-content/fr/TXT/?uri=CELEX:62019CJ0371,Allemagne,1,0,0,0,0,0,0,0,0,0,0,0,0,0,0,0,0,0,0,0,0,0,0,0,0,0,0,0,0,0,0,0,0,0,0,1
3,C-276/19,14/05/2020,ECLI:EU:C:2020:368,https://eur-lex.europa.eu/legal-content/fr/TXT/?uri=CELEX:62019CJ0276,Royaume-Uni,1,0,0,0,0,0,0,0,0,0,0,0,0,0,0,0,0,0,0,0,0,0,0,0,0,0,0,0,0,0,0,0,0,0,0,1
4,C-91/18,11/07/2019,ECLI:EU:C:2019:600,https://eur-lex.europa.eu/legal-content/fr/TXT/?uri=CELEX:62018CJ0091,Grèce,0,1,0,0,0,0,0,0,0,0,0,0,0,0,0,0,0,0,0,0,0,0,0,0,0,0,0,0,0,0,0,0,0,0,0,1
5,C-51/18,19/12/2018,ECLI:EU:C:2018:1035,https://eur-lex.europa.eu/legal-content/fr/TXT/?uri=CELEX:62018CJ0051,Autriche,1,0,0,0,0,0,0,0,0,0,0,0,0,0,0,0,0,0,0,0,0,0,0,0,0,0,0,0,0,0,0,0,0,0,0,1
6,C-590/16,08/02/2018,ECLI:EU:C:2018:77,https://eur-lex.europa.eu/legal-content/fr/TXT/?uri=CELEX:62016CJ0590,Grèce,0,1,1,1,0,1,0,0,0,0,0,0,0,0,0,0,0,0,0,0,0,0,0,0,0,0,0,0,0,0,0,0,0,0,0,4
7,C-380/16,08/02/2018,ECLI:EU:C:2018:76,https://eur-lex.europa.eu/legal-content/fr/TXT/?uri=CELEX:62016CJ0380,Allemagne,1,0,0,0,0,0,0,0,0,0,0,0,0,0,0,0,0,0,0,0,0,0,0,0,0,0,0,0,0,0,0,0,0,0,0,1
8,C-98/16,04/05/2017,ECLI:EU:C:2017:346,https://eur-lex.europa.eu/legal-content/fr/TXT/?uri=CELEX:62016CJ0098,Grèce,0,0,0,0,1,0,0,0,0,0,0,0,0,0,0,0,0,0,0,0,0,0,0,0,0,0,0,0,0,0,0,0,0,0,0,1
9,C-616/15,21/09/2017,ECLI:EU:C:2017:721,https://eur-lex.europa.eu/legal-content/fr/TXT/?uri=CELEX:62015CJ0616,Allemagne,1,0,0,0,0,0,0,0,0,0,0,0,0,0,0,0,0,0,0,0,0,0,0,0,0,0,0,0,0,0,0,0,0,0,0,1
10,C-274/15,04/05/2017,ECLI:EU:C:2017:333,https://eur-lex.europa.eu/legal-content/fr/TXT/?uri=CELEX:62015CJ0274,Luxembourg,1,0,0,0,0,0,0,0,0,0,0,0,0,0,0,0,0,0,0,0,0,0,0,0,0,0,0,0,0,0,0,0,0,0,0,1
11,C-200/15,16/06/2016,ECLI:EU:C:2016:453,https://eur-lex.europa.eu/legal-content/fr/TXT/?uri=CELEX:62015CJ0200,Portugal,0,0,0,1,0,0,1,0,0,0,0,0,0,0,0,0,0,0,0,0,0,0,0,0,0,0,0,0,0,0,0,0,0,0,0,2
12,C-126/15,29/06/2017,ECLI:EU:C:2017:504,https://eur-lex.europa.eu/legal-content/fr/TXT/?uri=CELEX:62015CJ0126,Portugal,1,1,0,1,0,0,0,0,0,0,0,0,0,0,0,0,0,0,0,0,0,0,0,0,0,0,0,0,0,0,0,0,0,0,0,3
13,C-22/15,25/02/2016,ECLI:EU:C:2016:118,https://eur-lex.europa.eu/legal-content/fr/TXT/?uri=CELEX:62015CJ0022,Pays-Bas,1,0,0,0,0,0,0,0,0,0,0,0,0,0,0,0,0,0,0,0,0,0,0,0,0,0,0,0,0,0,0,0,0,0,0,1
14,C-114/14,21/04/2015,ECLI:EU:C:2015:249,https://eur-lex.europa.eu/legal-content/fr/TXT/?uri=CELEX:62014CJ0114,Suède,1,0,0,0,0,0,0,0,0,0,0,0,0,0,0,0,0,0,0,0,0,0,0,0,0,0,0,0,0,0,0,0,0,0,0,1
15,C-112/14,13/11/2014,ECLI:EU:C:2014:2369,https://eur-lex.europa.eu/legal-content/fr/TXT/?uri=CELEX:62014CJ0112,Royaume-Uni,0,0,0,0,0,0,0,1,0,0,0,0,0,0,0,0,0,0,0,0,0,0,0,0,0,0,0,0,0,0,0,0,0,0,0,1
16,C-678/13,04/06/2015,ECLI:EU:C:2015:358,https://eur-lex.europa.eu/legal-content/fr/TXT/?uri=CELEX:62013CJ0678,Pologne,1,0,0,0,0,0,0,0,0,0,0,0,0,0,0,0,0,0,0,0,0,0,0,0,0,0,0,0,0,0,0,0,0,0,0,1
17,C-640/13,18/12/2014,ECLI:EU:C:2014:2457,https://eur-lex.europa.eu/legal-content/fr/TXT/?uri=CELEX:62013CJ0640,Royaume-Uni,0,0,0,0,0,0,0,0,1,0,0,0,0,0,0,0,0,0,0,0,0,0,0,0,0,0,0,0,0,0,0,0,0,0,0,1
18,C-639/13,18/12/2014,ECLI:EU:C:2014:2468,https://eur-lex.europa.eu/legal-content/fr/TXT/?uri=CELEX:62013CJ0639,Pologne,1,0,0,0,0,0,0,0,0,0,0,0,0,0,0,0,0,0,0,0,0,0,0,0,0,0,0,0,0,0,0,0,0,0,0,1
19,C-502/13,05/03/2015,ECLI:EU:C:2015:143,https://eur-lex.europa.eu/legal-content/fr/TXT/?uri=CELEX:62013CJ0502,Luxembourg,1,0,0,1,0,1,0,0,0,0,0,0,0,0,0,0,0,0,0,0,0,0,0,0,0,0,0,0,0,0,0,0,0,0,0,3
20,C-479/13,05/03/2015,ECLI:EU:C:2015:141,https://eur-lex.europa.eu/legal-content/fr/TXT/?uri=CELEX:62013CJ0479,France,1,0,0,1,0,1,0,0,0,0,0,0,0,0,0,0,0,0,0,0,0,0,0,0,0,0,0,0,0,0,0,0,0,0,0,3
21,C-115/13,10/04/2014,ECLI:EU:C:2014:253,https://eur-lex.europa.eu/legal-content/fr/TXT/?uri=CELEX:62013CJ0115,Hongrie,0,1,0,0,0,0,0,0,0,1,0,0,0,0,0,0,0,0,0,0,0,0,0,0,0,0,0,0,0,0,0,0,0,0,0,2
22,C-197/12,21/03/2013,ECLI:EU:C:2013:202,https://eur-lex.europa.eu/legal-content/fr/TXT/?uri=CELEX:62012CJ0197,France,1,0,0,0,0,0,0,0,0,0,0,0,0,0,0,0,0,0,0,0,0,0,0,0,0,0,0,0,0,0,0,0,0,0,0,1
23,C-55/12,25/04/2013,ECLI:EU:C:2013:274,https://eur-lex.europa.eu/legal-content/fr/TXT/?uri=CELEX:62012CJ0055,Irlande,1,1,1,0,0,0,0,0,0,0,0,0,0,0,0,0,0,0,0,0,0,0,0,0,0,0,0,0,0,0,0,0,0,0,0,3
24,C-360/11,17/01/2013,ECLI:EU:C:2013:17,https://eur-lex.europa.eu/legal-content/fr/TXT/?uri=CELEX:62011CJ0360,Espagne,1,0,0,0,0,0,0,0,0,0,0,0,0,0,0,0,0,0,0,0,0,0,0,0,0,0,0,0,0,0,0,0,0,0,0,1
25,C-216/11,14/03/2013,ECLI:EU:C:2013:162,https://eur-lex.europa.eu/legal-content/fr/TXT/?uri=CELEX:62011CJ0216,France,0,1,0,0,0,0,0,0,0,0,1,1,1,0,0,0,0,0,0,0,0,0,0,0,0,0,0,0,0,0,0,0,0,0,0,4
26,C-189/11,26/09/2013,ECLI:EU:C:2013:587,https://eur-lex.europa.eu/legal-content/fr/TXT/?uri=CELEX:62011CJ0189,Espagne,1,0,0,0,0,0,0,0,0,0,0,0,0,0,0,0,0,0,0,0,0,0,0,0,0,0,0,0,0,0,0,0,0,0,0,1
27,C-164/11,25/10/2012,ECLI:EU:C:2012:665,https://eur-lex.europa.eu/legal-content/fr/TXT/?uri=CELEX:62011CJ0164,France,0,1,1,0,0,0,0,0,0,0,0,0,0,0,0,0,0,0,0,0,0,0,0,0,0,0,0,0,0,0,0,0,0,0,0,2
28,C-119/11,28/02/2012,ECLI:EU:C:2012:104,https://eur-lex.europa.eu/legal-content/fr/TXT/?uri=CELEX:62011CJ0119,France,1,0,0,0,0,0,0,0,0,0,0,0,0,0,0,0,0,0,0,0,0,0,0,0,0,0,0,0,0,0,0,0,0,0,0,1
29,C-108/11,14/03/2013,ECLI:EU:C:2013:161,https://eur-lex.europa.eu/legal-content/fr/TXT/?uri=CELEX:62011CJ0108,Irlande,1,0,0,0,0,0,0,0,0,0,0,0,0,0,0,0,0,0,0,0,0,0,0,0,0,0,0,0,0,0,0,0,0,0,0,1
30,C-64/11,25/04/2013,ECLI:EU:C:2013:264,https://eur-lex.europa.eu/legal-content/fr/TXT/?uri=CELEX:62011CJ0064,Espagne,0,0,0,0,0,0,0,0,0,0,0,0,0,1,0,0,0,0,0,0,0,0,0,0,0,0,0,0,0,0,0,0,0,0,0,1
31,C-624/10,15/12/2011,ECLI:EU:C:2011:849,https://eur-lex.europa.eu/legal-content/fr/TXT/?uri=CELEX:62010CJ0624,France,1,0,0,0,0,0,0,0,0,0,0,0,0,0,0,0,0,0,0,0,0,0,0,0,0,0,0,0,0,0,0,0,0,0,0,1
32,C-596/10,08/03/2012,ECLI:EU:C:2012:130,https://eur-lex.europa.eu/legal-content/fr/TXT/?uri=CELEX:62010CJ0596,France,1,0,0,0,0,0,0,0,0,0,0,0,0,0,0,0,0,0,0,0,0,0,0,0,0,0,0,0,0,0,0,0,0,0,0,1
33,C-524/10,08/03/2012,ECLI:EU:C:2012:129,https://eur-lex.europa.eu/legal-content/fr/TXT/?uri=CELEX:62010CJ0524,Portugal,1,0,0,0,0,0,0,0,0,0,0,0,0,0,0,0,0,0,0,0,0,0,0,0,0,0,0,0,0,0,0,0,0,0,0,1
34,C-274/10,28/07/2011,ECLI:EU:C:2011:530,https://eur-lex.europa.eu/legal-content/fr/TXT/?uri=CELEX:62010CJ0274,Hongrie,1,0,0,0,0,0,0,0,0,0,0,0,0,0,0,0,0,0,0,0,0,0,0,0,0,0,0,0,0,0,0,0,0,0,0,1
35,C-38/10,06/09/2012,ECLI:EU:C:2012:521,https://eur-lex.europa.eu/legal-content/fr/TXT/?uri=CELEX:62010CJ0038,Portugal,0,0,0,0,0,0,0,0,0,0,0,0,0,0,1,0,0,0,0,0,0,0,0,0,0,0,0,0,0,0,0,0,0,0,0,1
36,C-539/09,15/11/2011,ECLI:EU:C:2011:733,https://eur-lex.europa.eu/legal-content/fr/TXT/?uri=CELEX:62009CJ0539,Allemagne,1,0,0,0,0,0,0,0,1,0,0,0,0,0,0,0,0,0,0,0,0,0,0,0,0,0,0,0,0,0,0,0,0,0,0,2
37,C-453/09,12/05/2011,ECLI:EU:C:2011:296,https://eur-lex.europa.eu/legal-content/fr/TXT/?uri=CELEX:62009CJ0453,Allemagne,1,0,0,0,0,0,0,0,0,0,0,0,0,0,0,0,0,0,0,0,0,0,0,0,0,0,0,0,0,0,0,0,0,0,0,1
38,C-441/09,12/05/2011,ECLI:EU:C:2011:295,https://eur-lex.europa.eu/legal-content/fr/TXT/?uri=CELEX:62009CJ0441,Autriche,1,0,0,0,0,0,0,0,0,0,0,0,0,0,0,0,0,0,0,0,0,0,0,0,0,0,0,0,0,0,0,0,0,0,0,1
39,C-433/09,22/12/2010,ECLI:EU:C:2010:817,https://eur-lex.europa.eu/legal-content/fr/TXT/?uri=CELEX:62009CJ0433,Autriche,1,0,0,0,0,0,0,0,0,0,0,0,0,0,0,0,0,0,0,0,0,0,0,0,0,0,0,0,0,0,0,0,0,0,0,1
40,C-311/09,06/05/2010,ECLI:EU:C:2010:257,https://eur-lex.europa.eu/legal-content/fr/TXT/?uri=CELEX:62009CJ0311,Pologne,1,0,0,0,0,0,0,0,0,0,0,0,0,0,0,0,0,0,0,0,0,0,0,0,0,0,0,0,0,0,0,0,0,0,0,1
41,C-49/09,28/10/2010,ECLI:EU:C:2010:644,https://eur-lex.europa.eu/legal-content/fr/TXT/?uri=CELEX:62009CJ0049,Pologne,1,0,0,0,0,0,0,0,0,0,0,0,0,0,0,0,0,0,0,0,0,0,0,0,0,0,0,0,0,0,0,0,0,0,0,1
42,C-41/09,03/03/2011,ECLI:EU:C:2011:108,https://eur-lex.europa.eu/legal-content/fr/TXT/?uri=CELEX:62009CJ0041,Pays-Bas,1,0,0,0,0,0,0,0,0,0,0,0,0,0,0,0,0,0,0,0,0,0,0,0,0,0,0,0,0,0,0,0,0,0,0,1
43,C-571/08,24/06/2010,ECLI:EU:C:2010:367,https://eur-lex.europa.eu/legal-content/fr/TXT/?uri=CELEX:62008CJ0571,Italie,0,1,0,1,0,0,0,0,0,0,0,0,0,0,0,0,1,0,0,0,0,0,0,0,0,0,0,0,0,0,0,0,0,0,0,3
44,C-492/08,17/06/2010,ECLI:EU:C:2010:348,https://eur-lex.europa.eu/legal-content/fr/TXT/?uri=CELEX:62008CJ0492,France,1,0,0,0,0,0,0,0,0,0,0,0,0,0,0,0,0,0,0,0,0,0,0,0,0,0,0,0,0,0,0,0,0,0,0,1
45,C-244/08,16/07/2009,ECLI:EU:C:2009:478,https://eur-lex.europa.eu/legal-content/fr/TXT/?uri=CELEX:62008CJ0244,Italie,1,0,0,0,0,0,0,0,0,0,0,0,0,0,0,0,0,0,0,0,0,0,0,0,0,0,0,0,0,0,0,0,0,0,0,1
46,C-221/08,04/03/2010,ECLI:EU:C:2010:113,https://eur-lex.europa.eu/legal-content/fr/TXT/?uri=CELEX:62008CJ0221,Irlande,0,1,0,1,0,0,0,0,0,0,0,0,0,0,0,0,1,0,0,0,0,0,0,0,0,0,0,0,0,0,0,0,0,0,0,3
47,C-198/08,04/03/2010,ECLI:EU:C:2010:112,https://eur-lex.europa.eu/legal-content/fr/TXT/?uri=CELEX:62008CJ0198,Autriche,0,1,0,1,0,0,0,0,0,0,0,0,0,0,0,0,1,0,0,0,0,0,0,0,0,0,0,0,0,0,0,0,0,0,0,3
48,C-197/08,04/03/2010,ECLI:EU:C:2010:111,https://eur-lex.europa.eu/legal-content/fr/TXT/?uri=CELEX:62008CJ0197,France,0,1,0,1,0,0,0,0,0,0,0,0,0,0,0,0,1,0,0,0,0,0,0,0,0,0,0,0,0,0,0,0,0,0,0,3
49,C-154/08,12/11/2009,ECLI:EU:C:2009:695,https://eur-lex.europa.eu/legal-content/fr/TXT/?uri=CELEX:62008CJ0154,Espagne,1,0,0,0,0,0,0,0,0,0,0,0,0,0,0,0,0,0,0,0,0,0,0,0,0,0,0,0,0,0,0,0,0,0,0,1
50,C-144/08,04/06/2009,ECLI:EU:C:2009:348,https://eur-lex.europa.eu/legal-content/fr/TXT/?uri=CELEX:62008CJ0144,Finlande,0,1,0,1,0,0,1,0,0,0,0,0,0,0,0,0,0,0,0,0,0,0,0,0,0,0,0,0,0,0,0,0,0,0,0,3
51,C-10/08,19/03/2009,ECLI:EU:C:2009:171,https://eur-lex.europa.eu/legal-content/fr/TXT/?uri=CELEX:62008CJ0010,Finlande,1,0,0,1,0,0,0,0,0,0,0,0,0,0,0,0,0,0,0,0,0,0,0,0,0,0,0,0,0,0,0,0,0,0,0,2
52,C-554/07,16/07/2009,ECLI:EU:C:2009:464,https://eur-lex.europa.eu/legal-content/fr/TXT/?uri=CELEX:62007CJ0554,Irlande,1,0,0,0,0,0,0,0,0,0,0,0,0,0,0,0,0,0,0,0,0,0,0,0,0,0,0,0,0,0,0,0,0,0,0,1
53,C-475/07,12/02/2009,ECLI:EU:C:2009:86,https://eur-lex.europa.eu/legal-content/fr/TXT/?uri=CELEX:62007CJ0475,Pologne,0,1,1,1,0,0,0,0,0,0,0,0,0,0,0,0,0,0,0,0,0,0,0,0,0,0,0,0,0,0,0,0,0,0,0,3
54,C-397/07,09/07/2009,ECLI:EU:C:2009:436,https://eur-lex.europa.eu/legal-content/fr/TXT/?uri=CELEX:62007CJ0397,Espagne,0,0,0,0,0,0,0,0,0,0,0,0,0,0,0,0,0,1,0,0,0,0,0,0,0,0,0,0,0,0,0,0,0,0,0,1
55,C-392/07,08/05/2008,ECLI:EU:C:2008:272,https://eur-lex.europa.eu/legal-content/fr/TXT/?uri=CELEX:62007CJ0392,Belgique,0,0,0,0,0,1,0,0,0,0,0,0,0,0,0,0,0,0,0,0,0,0,0,0,0,0,0,0,0,0,0,0,0,0,0,1
56,C-174/07,11/12/2008,ECLI:EU:C:2008:704,https://eur-lex.europa.eu/legal-content/fr/TXT/?uri=CELEX:62007CJ0174,Italie,1,0,0,0,0,0,0,0,0,0,0,0,0,0,0,0,0,0,0,0,0,0,0,0,0,0,0,0,0,0,0,0,0,0,0,1
57,C-388/06,29/03/2007,ECLI:EU:C:2007:207,https://eur-lex.europa.eu/legal-content/fr/TXT/?uri=CELEX:62006CJ0388,France,0,0,1,0,0,0,0,0,0,0,0,0,0,0,0,0,0,0,0,0,0,0,0,0,0,0,0,0,0,0,0,0,0,0,0,1
58,C-132/06,17/07/2008,ECLI:EU:C:2008:412,https://eur-lex.europa.eu/legal-content/fr/TXT/?uri=CELEX:62006CJ0132,Italie,1,0,0,0,0,0,0,0,1,0,0,0,0,0,0,0,0,0,0,0,0,0,0,0,0,0,0,0,0,0,0,0,0,0,0,2
59,C-104/06,18/01/2007,ECLI:EU:C:2007:40,https://eur-lex.europa.eu/legal-content/fr/TXT/?uri=CELEX:62006CJ0104,Suède,0,0,0,0,0,0,0,0,0,0,0,0,0,0,0,0,0,0,1,1,1,1,0,0,0,0,0,0,0,0,0,0,0,0,0,4
60,C-13/06,07/12/2006,ECLI:EU:C:2006:765,https://eur-lex.europa.eu/legal-content/fr/TXT/?uri=CELEX:62006CJ0013,Grèce,1,0,0,0,0,0,0,0,0,0,0,0,0,0,0,0,0,0,0,0,0,0,0,0,0,0,0,0,0,0,0,0,0,0,0,1
61,C-462/05,12/06/2008,ECLI:EU:C:2008:337,https://eur-lex.europa.eu/legal-content/fr/TXT/?uri=CELEX:62005CJ0462,Portugal,1,0,0,1,0,0,0,0,0,0,0,0,0,0,0,0,0,0,0,0,0,0,0,0,0,0,0,0,0,0,0,0,0,0,0,2
62,C-360/05,05/10/2006,ECLI:EU:C:2006:654,https://eur-lex.europa.eu/legal-content/fr/TXT/?uri=CELEX:62005CJ0360,Italie,0,0,1,0,0,0,0,0,0,0,0,0,0,0,0,0,0,0,0,0,0,0,0,0,0,0,0,0,0,0,0,0,0,0,0,1
63,C-345/05,26/10/2006,ECLI:EU:C:2006:685,https://eur-lex.europa.eu/legal-content/fr/TXT/?uri=CELEX:62005CJ0345,Portugal,0,0,0,0,0,0,0,0,0,0,0,0,0,1,0,0,0,0,1,1,0,0,0,0,0,0,0,0,0,0,0,0,0,0,0,3
64,C-249/05,15/06/2006,ECLI:EU:C:2006:411,https://eur-lex.europa.eu/legal-content/fr/TXT/?uri=CELEX:62005CJ0249,Finlande,1,0,0,0,0,0,0,0,0,0,0,0,0,0,0,0,0,0,0,0,0,0,0,0,0,0,0,0,0,0,0,0,0,0,0,1
65,C-178/05,07/06/2007,ECLI:EU:C:2007:317,https://eur-lex.europa.eu/legal-content/fr/TXT/?uri=CELEX:62005CJ0178,Grèce,0,0,0,0,0,0,0,0,0,0,0,0,0,0,0,0,0,1,0,0,0,0,0,0,0,0,0,0,0,0,0,0,0,0,0,1
66,C-128/05,28/09/2006,ECLI:EU:C:2006:612,https://eur-lex.europa.eu/legal-content/fr/TXT/?uri=CELEX:62005CJ0128,Autriche,1,0,0,0,0,0,0,0,0,0,0,0,0,0,0,0,0,0,0,0,0,0,0,0,0,0,0,0,0,0,0,0,0,0,0,1
67,C-90/05,19/01/2006,ECLI:EU:C:2006:58,https://eur-lex.europa.eu/legal-content/fr/TXT/?uri=CELEX:62005CJ0090,Luxembourg,1,0,0,0,0,0,0,0,0,0,0,0,0,0,0,0,0,0,0,0,0,0,0,0,0,0,0,0,0,0,0,0,0,0,0,1
68,C-197/04,10/11/2005,ECLI:EU:C:2005:672,https://eur-lex.europa.eu/legal-content/fr/TXT/?uri=CELEX:62004CJ0197,Allemagne,0,1,0,0,0,0,0,0,0,0,0,0,0,0,0,0,1,0,0,0,0,0,0,0,0,0,0,0,0,0,0,0,0,0,0,2
69,C-156/04,07/06/2007,ECLI:EU:C:2007:316,https://eur-lex.europa.eu/legal-content/fr/TXT/?uri=CELEX:62004CJ0156,Grèce,1,1,0,1,0,0,0,0,0,0,0,0,0,0,0,0,0,0,0,0,0,0,1,0,0,0,0,0,0,0,0,0,0,0,0,4
70,C-349/03,21/07/2005,ECLI:EU:C:2005:488,https://eur-lex.europa.eu/legal-content/fr/TXT/?uri=CELEX:62003CJ0349,Royaume-Uni,1,0,0,0,0,0,0,0,0,0,0,0,0,0,0,0,0,0,0,0,0,0,0,1,1,0,0,0,0,0,0,0,0,0,0,3
71,C-305/03,09/02/2006,ECLI:EU:C:2006:90,https://eur-lex.europa.eu/legal-content/fr/TXT/?uri=CELEX:62003CJ0305,Royaume-Uni,1,0,0,0,0,0,0,0,0,0,0,0,0,0,0,0,0,0,0,0,0,0,0,0,0,0,0,0,0,0,0,0,0,0,0,1
72,C-243/03,06/10/2005,ECLI:EU:C:2005:589,https://eur-lex.europa.eu/legal-content/fr/TXT/?uri=CELEX:62003CJ0243,France,1,0,0,0,0,0,0,0,0,0,0,0,0,0,0,0,0,0,0,0,0,0,0,0,0,0,0,0,0,0,0,0,0,0,0,1
73,C-204/03,06/10/2005,ECLI:EU:C:2005:588,https://eur-lex.europa.eu/legal-content/fr/TXT/?uri=CELEX:62003CJ0204,Espagne,1,0,0,0,0,0,0,0,0,0,0,0,0,0,0,0,0,0,0,0,0,0,0,0,0,0,0,0,0,0,0,0,0,0,0,1
74,C-197/03,11/05/2006,ECLI:EU:C:2006:306,https://eur-lex.europa.eu/legal-content/fr/TXT/?uri=CELEX:62003CJ0197,Italie,0,0,0,0,0,0,0,0,0,0,0,0,0,0,0,0,0,1,0,0,0,0,0,0,0,0,0,0,0,0,0,0,0,0,0,1
75,C-464/02,15/09/2005,ECLI:EU:C:2005:546,https://eur-lex.europa.eu/legal-content/fr/TXT/?uri=CELEX:62002CJ0464,Danemark,0,0,0,0,0,0,0,0,0,0,0,0,0,0,0,0,0,0,0,1,0,0,0,0,0,0,0,0,0,0,0,0,0,0,0,1
76,C-415/02,15/07/2004,ECLI:EU:C:2004:450,https://eur-lex.europa.eu/legal-content/fr/TXT/?uri=CELEX:62002CJ0415,Belgique,0,0,0,0,0,0,0,0,0,0,0,0,0,0,0,0,0,1,0,0,0,0,0,0,0,0,0,0,0,0,0,0,0,0,0,1
77,C-109/02,23/10/2003,ECLI:EU:C:2003:586,https://eur-lex.europa.eu/legal-content/fr/TXT/?uri=CELEX:62002CJ0109,Allemagne,1,0,0,0,0,0,0,0,0,0,0,0,0,0,0,0,0,0,0,0,0,0,0,0,0,0,0,0,0,0,0,0,0,0,0,1
78,C-437/01,25/09/2003,ECLI:EU:C:2003:498,https://eur-lex.europa.eu/legal-content/fr/TXT/?uri=CELEX:62001CJ0437,Italie,0,1,0,0,0,0,0,0,0,0,0,0,0,0,0,0,0,0,0,0,0,0,0,0,0,0,0,0,0,0,0,0,0,0,0,1
79,C-240/01,29/04/2004,ECLI:EU:C:2004:251,https://eur-lex.europa.eu/legal-content/fr/TXT/?uri=CELEX:62001CJ0240,Allemagne,1,1,0,0,0,0,0,0,0,0,0,0,0,0,0,0,0,0,0,0,0,0,0,0,0,0,0,0,0,0,0,0,0,0,0,2
80,C-302/00,27/02/2002,ECLI:EU:C:2002:123,https://eur-lex.europa.eu/legal-content/fr/TXT/?uri=CELEX:62000CJ0302,France,0,0,0,1,0,0,0,0,0,0,0,0,0,0,0,0,0,0,0,0,0,0,0,0,0,0,0,0,0,0,0,0,0,0,0,1
81,C-287/00,20/06/2002,ECLI:EU:C:2002:388,https://eur-lex.europa.eu/legal-content/fr/TXT/?uri=CELEX:62000CJ0287,Allemagne,1,0,0,0,0,0,0,0,0,0,0,0,0,0,0,0,0,0,0,0,0,0,0,0,0,0,0,0,0,0,0,0,0,0,0,1
82,C-185/00,27/11/2003,ECLI:EU:C:2003:639,https://eur-lex.europa.eu/legal-content/fr/TXT/?uri=CELEX:62000CJ0185,Finlande,0,1,0,1,0,0,1,0,0,0,0,0,0,0,0,0,0,0,0,0,0,0,0,0,0,0,0,0,0,0,0,0,0,0,0,3
83,C-169/00,07/03/2002,ECLI:EU:C:2002:149,https://eur-lex.europa.eu/legal-content/fr/TXT/?uri=CELEX:62000CJ0169,Finlande,1,0,0,0,0,0,0,0,0,0,0,0,0,0,0,0,0,0,0,0,0,0,0,0,0,0,0,0,0,0,0,0,0,0,0,1
84,C-129/00,09/12/2003,ECLI:EU:C:2003:656,https://eur-lex.europa.eu/legal-content/fr/TXT/?uri=CELEX:62000CJ0129,Italie,0,0,0,1,0,0,0,0,0,0,0,0,0,0,0,0,0,0,0,0,0,0,0,0,0,0,0,0,0,0,0,0,0,0,0,1
85,C-78/00,25/10/2001,ECLI:EU:C:2001:579,https://eur-lex.europa.eu/legal-content/fr/TXT/?uri=CELEX:62000CJ0078,Italie,1,0,0,0,0,0,0,0,0,0,0,0,0,0,0,0,0,0,0,0,0,0,0,0,0,0,0,0,0,0,0,0,0,0,0,1
86,C-40/00,14/06/2001,ECLI:EU:C:2001:338,https://eur-lex.europa.eu/legal-content/fr/TXT/?uri=CELEX:62000CJ0040,France,1,0,0,0,0,0,0,0,0,0,0,0,0,0,0,0,0,0,0,0,0,0,0,0,0,0,0,0,0,0,0,0,0,0,0,1
87,C-404/99,29/03/2001,ECLI:EU:C:2001:192,https://eur-lex.europa.eu/legal-content/fr/TXT/?uri=CELEX:61999CJ0404,France,1,0,0,0,0,0,0,0,0,0,0,0,0,0,0,0,0,0,0,0,0,0,0,0,0,0,0,0,0,0,0,0,0,0,0,1
88,C-265/99,15/03/2001,ECLI:EU:C:2001:169,https://eur-lex.europa.eu/legal-content/fr/TXT/?uri=CELEX:61999CJ0265,France,0,0,0,1,0,0,0,0,0,0,0,0,0,0,0,0,0,0,0,0,0,0,0,0,0,0,0,0,0,0,0,0,0,0,0,1
89,C-83/99,18/01/2001,ECLI:EU:C:2001:31,https://eur-lex.europa.eu/legal-content/fr/TXT/?uri=CELEX:61999CJ0083,Espagne,1,0,0,0,0,0,0,0,0,0,0,0,0,0,0,0,0,0,0,0,0,0,0,0,0,0,0,0,0,0,0,0,0,0,0,1
90,C-76/99,11/01/2001,ECLI:EU:C:2001:12,https://eur-lex.europa.eu/legal-content/fr/TXT/?uri=CELEX:61999CJ0076,France,1,0,0,0,0,0,0,0,0,0,0,0,0,0,0,0,0,0,0,0,0,0,0,0,0,0,0,0,0,0,0,0,0,0,0,1
91,C-427/98,15/10/2002,ECLI:EU:C:2002:581,https://eur-lex.europa.eu/legal-content/fr/TXT/?uri=CELEX:61998CJ0427,Allemagne,1,0,0,0,0,0,0,0,0,0,0,0,0,0,0,0,0,0,0,0,0,0,0,0,0,0,0,0,0,0,0,0,0,0,0,1
92,C-426/98,19/03/2002,ECLI:EU:C:2002:180,https://eur-lex.europa.eu/legal-content/fr/TXT/?uri=CELEX:61998CJ0426,Grèce,0,0,0,0,0,0,0,0,0,0,0,0,0,0,0,0,0,1,0,0,0,0,0,0,0,0,0,0,0,0,0,0,0,0,0,1
93,C-338/98,08/11/2001,ECLI:EU:C:2001:596,https://eur-lex.europa.eu/legal-content/fr/TXT/?uri=CELEX:61998CJ0338,Pays-Bas,1,0,0,0,0,0,0,0,0,0,0,0,0,0,0,0,0,0,0,0,0,0,0,0,0,0,0,0,0,0,0,0,0,0,0,1
94,C-276/98,08/03/2001,ECLI:EU:C:2001:133,https://eur-lex.europa.eu/legal-content/fr/TXT/?uri=CELEX:61998CJ0276,Portugal,1,0,0,0,0,0,0,0,0,0,0,0,0,0,0,0,0,0,0,0,0,0,0,0,0,0,0,0,0,0,0,0,0,0,0,1
95,C-216/98,19/10/2000,ECLI:EU:C:2000:571,https://eur-lex.europa.eu/legal-content/fr/TXT/?uri=CELEX:61998CJ0216,Grèce,0,1,0,1,0,0,0,0,0,0,0,0,0,0,0,0,1,0,0,0,0,0,0,0,0,0,0,0,0,0,0,0,0,0,0,3
96,C-429/97,25/01/2001,ECLI:EU:C:2001:54,https://eur-lex.europa.eu/legal-content/fr/TXT/?uri=CELEX:61997CJ0429,France,1,0,0,0,0,0,0,0,0,0,0,0,0,0,0,0,0,0,0,0,0,0,0,0,0,0,0,0,0,0,0,0,0,0,0,1
97,C-414/97,16/09/1999,ECLI:EU:C:1999:417,https://eur-lex.europa.eu/legal-content/fr/TXT/?uri=CELEX:61997CJ0414,Espagne,1,0,0,0,0,0,0,0,0,0,0,0,0,0,0,0,0,0,0,0,0,0,0,0,0,0,0,0,0,0,0,0,0,0,0,1
98,C-359/97,12/09/2000,ECLI:EU:C:2000:426,https://eur-lex.europa.eu/legal-content/fr/TXT/?uri=CELEX:61997CJ0359,Royaume-Uni,1,0,0,0,0,0,0,0,0,0,0,0,0,0,0,0,0,0,0,0,0,0,0,0,0,1,1,0,0,0,0,0,0,0,0,3
99,C-358/97,12/09/2000,ECLI:EU:C:2000:425,https://eur-lex.europa.eu/legal-content/fr/TXT/?uri=CELEX:61997CJ0358,Irlande,1,0,0,0,0,0,0,0,0,0,0,0,0,0,0,0,0,0,0,0,0,0,0,0,0,1,1,0,0,0,0,0,0,0,0,3
100,C-276/97,12/09/2000,ECLI:EU:C:2000:424,https://eur-lex.europa.eu/legal-content/fr/TXT/?uri=CELEX:61997CJ0276,France,1,0,0,0,0,0,0,0,0,0,0,0,0,0,0,0,0,0,0,0,0,0,0,0,0,1,1,0,0,0,0,0,0,0,0,3
101,C-175/97,05/03/1998,ECLI:EU:C:1998:89,https://eur-lex.europa.eu/legal-content/fr/TXT/?uri=CELEX:61997CJ0175,France,0,0,0,0,0,0,0,0,0,0,0,0,0,0,0,0,0,0,0,0,0,0,0,0,0,0,0,1,0,0,0,0,0,0,0,1
102,C-8/97,19/02/1998,ECLI:EU:C:1998:75,https://eur-lex.europa.eu/legal-content/fr/TXT/?uri=CELEX:61997CJ0008,Grèce,0,0,0,0,0,0,0,0,0,0,0,0,0,0,0,0,0,0,0,0,0,0,0,1,0,0,0,0,0,0,0,0,0,0,0,1
103,C-124/96,07/05/1998,ECLI:EU:C:1998:204,https://eur-lex.europa.eu/legal-content/fr/TXT/?uri=CELEX:61996CJ0124,Espagne,1,0,0,0,0,0,0,0,0,0,0,0,0,0,0,0,0,0,0,0,0,0,0,0,0,0,0,0,0,0,0,0,0,0,0,1
104,C-60/96,03/07/1997,ECLI:EU:C:1997:340,https://eur-lex.europa.eu/legal-content/fr/TXT/?uri=CELEX:61996CJ0060,France,1,0,0,0,0,0,0,0,0,0,0,0,0,0,0,0,0,0,0,0,0,0,0,0,0,0,0,0,0,0,0,0,0,0,0,1
105,C-375/95,23/10/1997,ECLI:EU:C:1997:505,https://eur-lex.europa.eu/legal-content/fr/TXT/?uri=CELEX:61995CJ0375,Grèce,0,0,0,1,0,0,0,0,0,0,0,0,0,0,0,0,0,0,0,0,0,0,0,0,0,0,0,0,0,0,0,0,0,0,0,1
106,C-45/95,25/06/1997,ECLI:EU:C:1997:315,https://eur-lex.europa.eu/legal-content/fr/TXT/?uri=CELEX:61995CJ0045,Italie,1,0,0,0,0,0,0,0,0,0,0,0,0,0,0,0,0,0,0,0,0,0,0,0,0,0,0,0,0,0,0,0,0,0,0,1
107,C-16/95,14/12/1995,ECLI:EU:C:1995:459,https://eur-lex.europa.eu/legal-content/fr/TXT/?uri=CELEX:61995CJ0016,Espagne,1,0,0,0,0,0,0,0,0,0,0,0,0,0,0,0,0,0,0,0,0,0,0,0,0,0,0,0,0,0,0,0,0,0,0,1
108,C-331/94,23/05/1996,ECLI:EU:C:1996:211,https://eur-lex.europa.eu/legal-content/fr/TXT/?uri=CELEX:61994CJ0331,Grèce,1,0,0,0,0,0,0,0,0,0,0,0,0,0,0,0,0,0,0,0,0,0,0,0,0,0,0,0,0,0,0,0,0,0,0,1
109,C-73/92,17/11/1993,ECLI:EU:C:1993:891,https://eur-lex.europa.eu/legal-content/fr/TXT/?uri=CELEX:61992CJ0073,Espagne,1,0,0,0,0,0,0,0,0,0,0,0,0,0,0,0,0,0,0,0,0,0,0,0,0,0,0,0,0,0,0,0,0,0,0,1
110,C-69/92,17/11/1993,ECLI:EU:C:1993:889,https://eur-lex.europa.eu/legal-content/fr/TXT/?uri=CELEX:61992CJ0069,Luxembourg,1,0,0,0,0,0,0,0,0,0,0,0,0,0,0,0,0,0,0,0,0,0,0,0,0,0,0,0,0,0,0,0,0,0,0,1
111,C-68/92,17/11/1993,ECLI:EU:C:1993:888,https://eur-lex.europa.eu/legal-content/fr/TXT/?uri=CELEX:61992CJ0068,France,1,0,0,0,0,0,0,0,0,0,0,0,0,0,0,0,0,0,0,0,0,0,0,0,0,0,0,0,0,0,0,0,0,0,0,1
112,C-9/92,02/08/1993,ECLI:EU:C:1993:338,https://eur-lex.europa.eu/legal-content/fr/TXT/?uri=CELEX:61992CJ0009,Grèce,0,0,0,1,0,0,0,0,0,0,0,0,0,0,0,0,0,0,0,0,0,0,0,0,0,0,0,0,0,0,0,0,0,0,0,1
113,C-306/91,28/04/1993,ECLI:EU:C:1993:161,https://eur-lex.europa.eu/legal-content/fr/TXT/?uri=CELEX:61991CJ0306,Italie,0,0,0,0,0,0,0,0,0,0,1,1,1,0,0,0,0,0,0,0,0,0,0,1,0,0,0,0,1,0,0,0,0,0,0,5
114,C-287/91,03/06/1992,ECLI:EU:C:1992:242,https://eur-lex.europa.eu/legal-content/fr/TXT/?uri=CELEX:61991CJ0287,Italie,1,0,0,0,0,0,0,0,0,0,0,0,0,0,0,0,0,0,0,0,0,0,0,0,0,0,0,0,0,0,0,0,0,0,0,1
115,C-276/91,02/08/1993,ECLI:EU:C:1993:336,https://eur-lex.europa.eu/legal-content/fr/TXT/?uri=CELEX:61991CJ0276,France,1,0,0,0,0,0,0,0,0,0,0,0,0,0,0,0,0,0,0,0,0,0,0,0,0,0,0,0,0,0,0,0,0,0,0,1
116,C-262/91,14/10/1992,ECLI:EU:C:1992:391,https://eur-lex.europa.eu/legal-content/fr/TXT/?uri=CELEX:61991CJ0262,Italie,1,0,0,0,0,0,0,0,0,0,0,0,0,0,0,0,0,0,0,0,0,0,0,0,0,0,0,0,0,0,0,0,0,0,0,1
117,C-234/91,01/12/1993,ECLI:EU:C:1993:910,https://eur-lex.europa.eu/legal-content/fr/TXT/?uri=CELEX:61991CJ0234,Danemark,1,0,0,0,0,0,0,0,0,0,0,0,0,0,0,0,0,0,0,0,0,0,0,0,0,0,0,0,0,0,0,0,0,0,0,1
118,C-105/91,17/11/1992,ECLI:EU:C:1992:441,https://eur-lex.europa.eu/legal-content/fr/TXT/?uri=CELEX:61991CJ0105,Grèce,0,0,0,1,0,0,0,0,0,0,0,0,0,0,0,0,0,0,0,0,0,0,0,0,0,0,0,0,0,0,0,0,0,0,0,1
119,C-101/91,19/01/1993,ECLI:EU:C:1993:16,https://eur-lex.europa.eu/legal-content/fr/TXT/?uri=CELEX:61991CJ0101,Italie,1,0,0,0,0,0,0,0,0,0,0,0,0,0,0,0,0,0,0,0,0,0,0,0,0,0,0,0,0,0,0,0,0,0,0,1
120,C-96/91,09/06/1992,ECLI:EU:C:1992:253,https://eur-lex.europa.eu/legal-content/fr/TXT/?uri=CELEX:61991CJ0096,Espagne,1,0,0,0,0,0,0,0,0,0,0,0,0,0,0,0,0,0,0,0,0,0,0,0,0,0,0,0,0,0,0,0,0,0,0,1
121,C-74/91,27/10/1992,ECLI:EU:C:1992:409,https://eur-lex.europa.eu/legal-content/fr/TXT/?uri=CELEX:61991CJ0074,Allemagne,1,0,0,0,0,0,0,0,0,0,0,0,0,0,0,0,0,0,0,0,0,0,0,0,0,0,0,0,0,0,0,0,0,0,0,1
122,C-327/90,12/05/1992,ECLI:EU:C:1992:206,https://eur-lex.europa.eu/legal-content/fr/TXT/?uri=CELEX:61990CJ0327,Grèce,0,0,0,1,0,0,0,0,0,0,0,0,0,0,0,0,0,0,0,0,0,0,0,0,0,0,0,0,0,0,0,0,0,0,0,1
123,C-195/90,19/05/1992,ECLI:EU:C:1992:219,https://eur-lex.europa.eu/legal-content/fr/TXT/?uri=CELEX:61990CJ0195,Allemagne,0,0,0,0,0,0,0,0,0,0,0,0,0,0,0,0,0,0,0,0,0,0,0,0,0,0,0,1,0,1,0,0,0,0,0,2
124,C-100/90,17/10/1991,ECLI:EU:C:1991:395,https://eur-lex.europa.eu/legal-content/fr/TXT/?uri=CELEX:61990CJ0100,Danemark,0,1,0,1,0,0,0,0,0,0,0,0,0,0,0,0,0,0,0,0,0,0,0,0,0,0,0,0,0,0,0,0,0,0,0,2
125,C-35/90,17/10/1991,ECLI:EU:C:1991:394,https://eur-lex.europa.eu/legal-content/fr/TXT/?uri=CELEX:61990CJ0035,Espagne,1,0,0,0,0,0,0,0,0,0,0,0,0,0,0,0,0,0,0,0,0,0,0,0,0,0,0,0,0,0,0,0,0,0,0,1
126,C-287/89,07/05/1991,ECLI:EU:C:1991:188,https://eur-lex.europa.eu/legal-content/fr/TXT/?uri=CELEX:61989CJ0287,Belgique,0,0,0,0,0,0,0,0,0,0,1,1,1,0,0,0,0,0,0,0,0,0,0,0,0,0,0,0,1,0,0,0,0,0,0,4
127,C-230/89,18/04/1991,ECLI:EU:C:1991:156,https://eur-lex.europa.eu/legal-content/fr/TXT/?uri=CELEX:61989CJ0230,Grèce,1,0,0,1,0,0,0,0,0,0,0,0,0,0,0,0,0,0,0,0,0,0,0,0,0,0,0,0,1,0,0,0,0,0,0,3
128,C-159/89,26/02/1991,ECLI:EU:C:1991:77,https://eur-lex.europa.eu/legal-content/fr/TXT/?uri=CELEX:61989CJ0159,Grèce,1,0,0,1,0,0,0,0,0,0,0,0,0,0,0,0,0,0,0,0,0,0,0,0,0,0,0,0,0,0,0,0,0,0,0,2
129,C-153/89,26/06/1991,ECLI:EU:C:1991:273,https://eur-lex.europa.eu/legal-content/fr/TXT/?uri=CELEX:61989CJ0153,Belgique,0,1,0,1,0,0,0,0,0,0,0,0,0,0,0,0,0,0,0,0,0,0,0,0,0,0,0,0,0,0,0,0,0,0,0,2
130,C-152/89,26/06/1991,ECLI:EU:C:1991:272,https://eur-lex.europa.eu/legal-content/fr/TXT/?uri=CELEX:61989CJ0152,Luxembourg,0,1,0,1,0,0,0,0,0,0,0,0,0,0,0,0,0,0,0,0,0,0,0,0,0,0,0,0,0,0,0,0,0,0,0,2
131,C-119/89,26/02/1991,ECLI:EU:C:1991:75,https://eur-lex.europa.eu/legal-content/fr/TXT/?uri=CELEX:61989CJ0119,Espagne,1,0,0,1,0,0,0,0,0,0,0,0,0,0,0,0,0,0,0,0,0,0,0,0,0,0,0,0,0,0,0,0,0,0,0,2
132,C-367/88,06/12/1990,ECLI:EU:C:1990:443,https://eur-lex.europa.eu/legal-content/fr/TXT/?uri=CELEX:61988CJ0367,Irlande,0,1,0,1,0,0,0,0,0,1,0,0,0,0,0,0,0,0,0,0,0,0,0,0,0,0,0,0,0,0,0,0,0,0,0,3
133,C-208/88,06/12/1990,ECLI:EU:C:1990:442,https://eur-lex.europa.eu/legal-content/fr/TXT/?uri=CELEX:61988CJ0208,Danemark,0,1,0,1,0,0,0,0,0,0,0,0,0,0,0,0,0,0,0,0,0,0,0,0,0,0,0,0,0,0,0,0,0,0,0,2
134,C-158/88,12/06/1990,ECLI:EU:C:1990:242,https://eur-lex.europa.eu/legal-content/fr/TXT/?uri=CELEX:61988CJ0158,Irlande,1,1,0,1,0,0,0,0,0,0,0,0,0,0,0,0,0,0,0,0,0,0,0,0,0,0,0,0,0,0,0,0,0,0,0,3
135,C-120/88,26/02/1991,ECLI:EU:C:1991:74,https://eur-lex.europa.eu/legal-content/fr/TXT/?uri=CELEX:61988CJ0120,Italie,1,0,0,1,0,0,0,0,0,0,0,0,0,0,0,0,0,0,0,0,0,0,0,0,0,0,0,0,0,0,0,0,0,0,0,2
136,C-47/88,11/12/1990,ECLI:EU:C:1990:449,https://eur-lex.europa.eu/legal-content/fr/TXT/?uri=CELEX:61988CJ0047,Danemark,0,0,0,1,0,0,0,0,0,0,0,0,0,0,0,0,0,0,0,0,0,0,0,0,0,0,0,0,0,0,0,0,0,0,0,1
137,C-323/87,11/07/1989,ECLI:EU:C:1989:305,https://eur-lex.europa.eu/legal-content/fr/TXT/?uri=CELEX:61987CJ0323,Italie,0,0,0,1,0,0,0,0,0,0,0,0,0,0,0,0,0,0,0,0,0,0,0,0,0,0,0,0,1,0,0,0,0,0,0,2
138,C-203/87,21/02/1989,ECLI:EU:C:1989:74,https://eur-lex.europa.eu/legal-content/fr/TXT/?uri=CELEX:61987CJ0203,Italie,1,0,0,0,0,0,0,0,0,0,0,0,0,0,0,0,0,0,0,0,0,0,0,0,0,0,0,0,0,0,0,0,0,0,0,1
139,C-122/87,24/05/1988,ECLI:EU:C:1988:256,https://eur-lex.europa.eu/legal-content/fr/TXT/?uri=CELEX:61987CJ0122,Italie,1,0,0,0,0,0,0,0,0,0,0,0,0,0,0,0,0,0,0,0,0,0,0,0,0,0,0,0,0,0,0,0,0,0,0,1
140,C-50/87,21/09/1988,ECLI:EU:C:1988:429,https://eur-lex.europa.eu/legal-content/fr/TXT/?uri=CELEX:61987CJ0050,France,1,0,0,0,0,0,0,0,0,0,0,0,0,0,0,0,0,0,0,0,0,0,0,0,0,0,0,0,0,0,0,0,0,0,0,1
141,C-257/86,21/06/1988,ECLI:EU:C:1988:324,https://eur-lex.europa.eu/legal-content/fr/TXT/?uri=CELEX:61986CJ0257,Italie,1,0,0,0,0,0,0,0,0,0,0,0,0,0,0,0,0,0,0,0,0,0,0,0,0,0,0,0,0,0,0,0,0,0,0,1
142,C-125/86,24/11/1987,ECLI:EU:C:1987:506,https://eur-lex.europa.eu/legal-content/fr/TXT/?uri=CELEX:61986CJ0125,Italie,1,0,0,0,0,0,0,0,0,0,0,0,0,0,0,0,0,0,0,0,0,0,0,0,0,0,0,0,0,0,0,0,0,0,0,1
143,C-124/86,24/11/1987,ECLI:EU:C:1987:505,https://eur-lex.europa.eu/legal-content/fr/TXT/?uri=CELEX:61986CJ0124,Italie,1,0,0,0,0,0,0,0,0,0,0,0,0,0,0,0,0,0,0,0,0,0,0,0,0,0,0,0,0,0,0,0,0,0,0,1
144,C-104/86,24/03/1988,ECLI:EU:C:1988:171,https://eur-lex.europa.eu/legal-content/fr/TXT/?uri=CELEX:61986CJ0104,Italie,0,0,0,1,0,0,0,0,0,0,1,0,0,0,0,0,0,0,0,0,0,0,0,0,0,0,0,0,0,0,0,0,0,0,0,2
145,C-3/86,28/06/1988,ECLI:EU:C:1988:338,https://eur-lex.europa.eu/legal-content/fr/TXT/?uri=CELEX:61986CJ0003,Italie,1,0,0,0,0,0,0,0,0,0,0,0,0,0,0,0,0,0,0,0,0,0,0,0,0,0,0,0,0,0,0,0,0,0,0,1
146,C-416/85,21/06/1988,ECLI:EU:C:1988:321,https://eur-lex.europa.eu/legal-content/fr/TXT/?uri=CELEX:61985CJ0416,Royaume-Uni,1,0,0,0,0,0,0,0,0,0,0,0,0,0,0,0,0,0,0,0,0,0,0,0,0,0,0,0,0,0,0,0,0,0,0,1
147,C-415/85,21/06/1988,ECLI:EU:C:1988:320,https://eur-lex.europa.eu/legal-content/fr/TXT/?uri=CELEX:61985CJ0415,Irlande,1,0,0,0,0,0,0,0,0,0,0,0,0,0,0,0,0,0,0,0,0,0,0,0,0,0,0,0,0,0,0,0,0,0,0,1
148,C-391/85,04/02/1988,ECLI:EU:C:1988:58,https://eur-lex.europa.eu/legal-content/fr/TXT/?uri=CELEX:61985CJ0391,Belgique,1,0,0,0,0,0,0,0,0,0,0,0,0,0,0,0,0,0,0,0,0,0,0,0,0,0,0,0,0,0,0,0,0,0,0,1
149,C-353/85,23/02/1988,ECLI:EU:C:1988:82,https://eur-lex.europa.eu/legal-content/fr/TXT/?uri=CELEX:61985CJ0353,Royaume-Uni,1,0,0,0,0,0,0,0,0,0,0,0,0,0,0,0,0,0,0,0,0,0,0,0,0,0,0,0,0,0,0,0,0,0,0,1
150,C-235/85,26/03/1987,ECLI:EU:C:1987:161,https://eur-lex.europa.eu/legal-content/fr/TXT/?uri=CELEX:61985CJ0235,Pays-Bas,1,0,0,0,0,0,0,0,0,0,0,0,0,0,0,0,0,0,0,0,0,0,0,0,0,0,0,0,0,0,0,0,0,0,0,1
151,C-184/85,07/05/1987,ECLI:EU:C:1987:207,https://eur-lex.europa.eu/legal-content/fr/TXT/?uri=CELEX:61985CJ0184,Italie,0,0,0,1,0,0,0,0,0,0,0,0,0,0,0,0,0,0,0,0,0,0,0,0,0,0,0,0,0,0,1,0,0,0,0,2
152,C-107/84,11/07/1985,ECLI:EU:C:1985:332,https://eur-lex.europa.eu/legal-content/fr/TXT/?uri=CELEX:61984CJ0107,Allemagne,1,0,0,0,0,0,0,0,0,0,0,0,0,0,0,0,0,0,0,0,0,0,0,1,0,0,0,0,0,0,0,0,0,0,0,2
153,C-106/84,04/03/1986,ECLI:EU:C:1986:99,https://eur-lex.europa.eu/legal-content/fr/TXT/?uri=CELEX:61984CJ0106,Danemark,0,0,0,1,0,0,0,0,0,0,0,0,0,0,0,0,0,0,0,0,0,0,0,0,0,0,0,0,1,0,0,0,0,0,0,2
154,C-280/83,05/06/1984,ECLI:EU:C:1984:211,https://eur-lex.europa.eu/legal-content/fr/TXT/?uri=CELEX:61983CJ0280,Italie,0,0,0,0,0,0,0,0,0,0,0,0,0,0,0,0,0,0,0,0,0,0,0,1,0,0,0,0,1,0,0,0,0,0,0,2
155,C-279/83,03/10/1984,ECLI:EU:C:1984:303,https://eur-lex.europa.eu/legal-content/fr/TXT/?uri=CELEX:61983CJ0279,Italie,1,0,0,0,0,0,0,0,0,0,0,0,0,0,0,0,0,0,0,0,0,0,0,1,0,0,0,0,0,0,0,0,0,0,0,2
156,C-278/83,11/07/1985,ECLI:EU:C:1985:325,https://eur-lex.europa.eu/legal-content/fr/TXT/?uri=CELEX:61983CJ0278,Italie,1,0,0,1,0,0,0,0,0,0,0,0,0,0,0,0,0,0,0,0,0,0,0,0,0,0,0,0,1,0,0,0,0,0,0,3
157,C-277/83,03/07/1985,ECLI:EU:C:1985:285,https://eur-lex.europa.eu/legal-content/fr/TXT/?uri=CELEX:61983CJ0277,Italie,0,0,0,1,0,0,0,0,0,0,0,0,0,0,0,0,0,0,0,0,0,0,0,0,0,0,0,0,1,0,0,0,0,0,0,2
158,C-270/83,28/01/1986,ECLI:EU:C:1986:37,https://eur-lex.europa.eu/legal-content/fr/TXT/?uri=CELEX:61983CJ0270,France,0,0,0,0,0,0,0,0,0,0,0,0,0,1,0,0,0,0,0,0,0,0,0,1,0,0,0,0,0,0,0,0,0,0,0,2
159,C-325/82,14/02/1984,ECLI:EU:C:1984:60,https://eur-lex.europa.eu/legal-content/fr/TXT/?uri=CELEX:61982CJ0325,Allemagne,0,1,0,1,0,0,0,0,0,0,1,0,0,0,0,0,0,0,0,0,0,0,0,0,0,0,0,0,0,0,0,0,0,0,0,3
160,C-324/82,10/04/1984,ECLI:EU:C:1984:152,https://eur-lex.europa.eu/legal-content/fr/TXT/?uri=CELEX:61982CJ0324,Belgique,1,0,0,0,0,0,0,0,0,0,0,0,0,0,0,0,0,0,0,0,0,0,0,1,0,0,0,0,0,0,0,0,0,0,0,2
161,C-158/82,09/11/1983,ECLI:EU:C:1983:317,https://eur-lex.europa.eu/legal-content/fr/TXT/?uri=CELEX:61982CJ0158,Danemark,0,0,0,1,0,0,0,0,0,0,1,0,0,0,0,0,0,0,0,0,0,0,0,0,0,0,0,0,1,0,0,1,0,0,0,4
162,C-90/82,21/06/1983,ECLI:EU:C:1983:169,https://eur-lex.europa.eu/legal-content/fr/TXT/?uri=CELEX:61982CJ0090,France,0,0,0,0,0,0,0,0,0,0,1,1,1,0,0,0,0,0,0,0,0,0,0,0,0,0,0,0,1,0,0,0,1,0,0,5
163,C-41/82,07/12/1982,ECLI:EU:C:1982:418,https://eur-lex.europa.eu/legal-content/fr/TXT/?uri=CELEX:61982CJ0041,Italie,0,0,0,0,0,0,0,0,0,0,0,0,0,0,0,0,0,0,0,0,0,0,0,1,0,0,0,0,1,0,0,0,0,0,0,2
164,C-319/81,15/03/1983,ECLI:EU:C:1983:71,https://eur-lex.europa.eu/legal-content/fr/TXT/?uri=CELEX:61981CJ0319,Italie,1,0,0,1,0,0,0,0,0,0,0,0,0,0,0,0,0,0,0,0,0,0,0,0,0,0,0,0,1,0,0,0,0,0,0,3
165,C-73/79,21/05/1980,ECLI:EU:C:1980:129,https://eur-lex.europa.eu/legal-content/fr/TXT/?uri=CELEX:61979CJ0073,Italie,0,0,0,1,0,0,0,0,0,0,0,0,0,0,0,0,0,0,0,0,0,0,0,0,0,0,0,0,1,0,0,0,0,1,1,4
166,C-55/79,27/02/1980,ECLI:EU:C:1980:56,https://eur-lex.europa.eu/legal-content/fr/TXT/?uri=CELEX:61979CJ0055,Irlande,0,0,0,1,0,0,0,0,0,0,0,0,0,0,0,0,0,0,0,0,0,0,0,0,0,0,0,0,1,0,0,0,0,0,0,2
167,C-21/79,08/01/1980,ECLI:EU:C:1980:1,https://eur-lex.europa.eu/legal-content/fr/TXT/?uri=CELEX:61979CJ0021,Italie,0,0,0,1,0,0,0,0,0,0,0,0,0,0,0,0,0,0,0,0,0,0,0,1,0,0,0,0,0,1,0,0,0,0,0,3
168,C-171/78,27/02/1980,ECLI:EU:C:1980:54,https://eur-lex.europa.eu/legal-content/fr/TXT/?uri=CELEX:61978CJ0171,Danemark,0,0,0,1,0,0,0,0,0,0,0,0,0,0,0,0,0,0,0,0,0,0,0,0,0,0,0,0,1,0,0,0,0,0,0,2
169,C-170/78,27/02/1980,ECLI:EU:C:1980:53,https://eur-lex.europa.eu/legal-content/fr/TXT/?uri=CELEX:61978CJ0170,Royaume-Uni,0,0,0,0,0,0,0,0,0,0,0,0,0,0,0,0,0,0,0,0,0,0,0,0,0,0,0,0,1,0,0,0,0,0,0,1
170,C-170/78,12/07/1983,ECLI:EU:C:1983:202,https://eur-lex.europa.eu/legal-content/fr/TXT/?uri=CELEX:61978CJ0170(01),Royaume-Uni,0,0,0,0,0,0,0,0,0,0,0,0,0,0,0,0,0,0,0,0,0,0,0,0,0,0,0,0,1,0,0,0,0,0,0,1
171,C-169/78,27/02/1980,ECLI:EU:C:1980:52,https://eur-lex.europa.eu/legal-content/fr/TXT/?uri=CELEX:61978CJ0169,Italie,0,0,0,1,0,0,0,0,0,0,0,0,0,0,0,0,0,0,0,0,0,0,0,0,0,0,0,0,1,0,0,0,0,0,0,2
172,C-168/78,27/02/1980,ECLI:EU:C:1980:51,https://eur-lex.europa.eu/legal-content/fr/TXT/?uri=CELEX:61978CJ0168,France,0,0,0,1,0,0,0,0,0,0,0,0,0,0,0,0,0,0,0,0,0,0,0,0,0,0,0,0,1,0,0,0,0,0,0,2
173,C-77/69,05/05/1970,ECLI:EU:C:1970:34,https://eur-lex.europa.eu/legal-content/fr/TXT/?uri=CELEX:61969CJ0077,Belgique,0,0,0,1,0,0,0,0,0,0,0,0,0,0,0,0,0,0,0,0,0,0,0,0,0,0,0,0,0,0,0,0,0,0,0,1
174,C-28/69,15/04/1970,ECLI:EU:C:1970:26,https://eur-lex.europa.eu/legal-content/fr/TXT/?uri=CELEX:61969CJ0028,Italie,0,0,0,1,0,0,0,0,0,0,0,0,0,0,0,0,0,0,0,0,0,0,0,0,0,0,0,0,0,0,0,0,0,0,0,1
175,C-16/69,15/10/1969,ECLI:EU:C:1969:47,https://eur-lex.europa.eu/legal-content/fr/TXT/?uri=CELEX:61969CJ0016,Italie,0,0,0,1,0,0,0,0,0,0,0,0,0,0,0,0,0,0,0,0,0,0,0,0,0,0,0,0,1,0,0,0,0,0,0,2
176,C-24/68,01/07/1969,ECLI:EU:C:1969:29,https://eur-lex.europa.eu/legal-content/fr/TXT/?uri=CELEX:61968CJ0024,Italie,0,0,0,1,0,0,0,0,0,0,1,0,0,0,0,0,0,0,0,0,0,0,0,0,0,0,0,0,1,0,0,0,0,0,0,3
177,C-45/64,19/11/1969,ECLI:EU:C:1969:58,https://eur-lex.europa.eu/legal-content/fr/TXT/?uri=CELEX:61964CJ0045(01),Italie,0,0,0,1,0,0,0,0,0,0,0,0,0,0,0,0,0,0,0,0,0,0,0,0,0,0,0,0,0,0,0,0,0,0,0,1
178,C-45/64,01/12/1965,ECLI:EU:C:1965:116,https://eur-lex.europa.eu/legal-content/fr/TXT/?uri=CELEX:61964CJ0045,Italie,0,0,0,1,0,0,0,0,0,0,0,0,0,0,0,0,0,0,0,0,0,0,0,0,0,0,0,0,0,0,0,0,0,0,0,1
179,C-2/62,14/12/1962,ECLI:EU:C:1962:45,https://eur-lex.europa.eu/legal-content/fr/TXT/?uri=CELEX:61962CJ0002,Luxembourg,0,0,0,1,0,0,0,0,0,0,1,0,0,0,0,0,0,0,0,0,0,0,0,0,0,0,0,0,0,0,0,0,0,0,0,2
